{
  "n_campaigns": 676,
  "max_seq_len": 20,
  "sample_rows": 8000000,
  "n_train": 2631409,
  "n_val": 563873,
  "n_test": 563874,
  "conversion_rate": 0.05018546716337391,
  "time_delta_mean": 169292.26415339683,
  "time_delta_std": 214311.97134808675,
  "created_at": "2025-12-15T05:05:43.889145",
  "feature_dim": 4
}